queries,retrieval_times,answer_times,chunk_counts,chunking_methods
Hadoop là gì?,4.538631200790405,0.7824790477752686,15,hybrid
Điều 33 gồm?,4.641781806945801,3.5800681114196777,30,hybrid
Điều 41 gồm?,4.196453094482422,5.11017918586731,30,hybrid
Làn đường là gì?,3.736764430999756,0.7596461772918701,15,hybrid
Cơ chế heartbeat là sao?,3.831596612930298,0.835242509841919,15,hybrid
Xe ưu tiên gồm?,3.411259412765503,1.2494230270385742,15,hybrid
Xe cơ giới gồm những loại xe nào?,3.3115739822387695,3.2239513397216797,15,hybrid
